[
  {
    "session_name": "name_example",
    "user_agent": "Mozilla/5.0 (Linux; Android 14) AppleWebKit/537.36 (KHTML, like Gecko) Chrome/125.0.6422.165 Mobile Safari/537.36",
    "proxy": "type://user:pass:ip:port"
  },
  {
    "session_name": "3",
    "user_agent": "Mozilla/5.0 (Linux; Android 13.0; Sony Xperia 1) AppleWebKit/537.36 (KHTML, like Gecko) Chrome/116.1.9792.27 Mobile Safari/537.36",
    "proxy": ""
  },
  {
    "session_name": "A23",
    "user_agent": "Mozilla/5.0 (Linux; Android 12.0; SM-G991B) AppleWebKit/537.36 (KHTML, like Gecko) Chrome/125.9.2245.14 Mobile Safari/537.36",
    "proxy": ""
  },
  {
    "session_name": "41",
    "user_agent": "Mozilla/5.0 (Linux; Android 10.0; OnePlus 9 Pro) AppleWebKit/537.36 (KHTML, like Gecko) Chrome/116.4.5633.38 Mobile Safari/537.36",
    "proxy": ""
  },
  {
    "session_name": "B3",
    "user_agent": "Mozilla/5.0 (Linux; Android 13.0; LG V60) AppleWebKit/537.36 (KHTML, like Gecko) Chrome/120.0.6009.57 Mobile Safari/537.36",
    "proxy": ""
  },
  {
    "session_name": "B38",
    "user_agent": "Mozilla/5.0 (Linux; Android 10.0; OnePlus Nord 2) AppleWebKit/537.36 (KHTML, like Gecko) Chrome/119.6.2188.47 Mobile Safari/537.36",
    "proxy": ""
  },
  {
    "session_name": "1",
    "user_agent": "Mozilla/5.0 (Linux; Android 11.0; OnePlus 10 Pro) AppleWebKit/537.36 (KHTML, like Gecko) Chrome/115.8.5433.83 Mobile Safari/537.36",
    "proxy": ""
  },
  {
    "session_name": "A24",
    "user_agent": "Mozilla/5.0 (Linux; Android 10.0; Pixel 6a) AppleWebKit/537.36 (KHTML, like Gecko) Chrome/113.2.4496.31 Mobile Safari/537.36",
    "proxy": ""
  },
  {
    "session_name": "86",
    "user_agent": "Mozilla/5.0 (Linux; Android 13.0; SM-G960F) AppleWebKit/537.36 (KHTML, like Gecko) Chrome/119.3.2113.9 Mobile Safari/537.36",
    "proxy": ""
  },
  {
    "session_name": "29",
    "user_agent": "Mozilla/5.0 (Linux; Android 10.0; Pixel 6) AppleWebKit/537.36 (KHTML, like Gecko) Chrome/111.1.4070.81 Mobile Safari/537.36",
    "proxy": ""
  },
  {
    "session_name": "82",
    "user_agent": "Mozilla/5.0 (Linux; Android 10.0; LG V60) AppleWebKit/537.36 (KHTML, like Gecko) Chrome/111.6.4563.93 Mobile Safari/537.36",
    "proxy": ""
  },
  {
    "session_name": "80",
    "user_agent": "Mozilla/5.0 (Linux; Android 10.0; OnePlus 10T Pro) AppleWebKit/537.36 (KHTML, like Gecko) Chrome/116.4.1237.18 Mobile Safari/537.36",
    "proxy": ""
  },
  {
    "session_name": "A21",
    "user_agent": "Mozilla/5.0 (Linux; Android 11.0; Pixel 6a) AppleWebKit/537.36 (KHTML, like Gecko) Chrome/115.0.3387.35 Mobile Safari/537.36",
    "proxy": ""
  },
  {
    "session_name": "40",
    "user_agent": "Mozilla/5.0 (Linux; Android 13.0; Pixel 6 XL) AppleWebKit/537.36 (KHTML, like Gecko) Chrome/115.9.1289.4 Mobile Safari/537.36",
    "proxy": ""
  },
  {
    "session_name": "57",
    "user_agent": "Mozilla/5.0 (Linux; Android 10.0; Pixel 6a) AppleWebKit/537.36 (KHTML, like Gecko) Chrome/118.8.1704.26 Mobile Safari/537.36",
    "proxy": ""
  },
  {
    "session_name": "B31",
    "user_agent": "Mozilla/5.0 (Linux; Android 11.0; SM-G991B) AppleWebKit/537.36 (KHTML, like Gecko) Chrome/117.5.8483.90 Mobile Safari/537.36",
    "proxy": ""
  },
  {
    "session_name": "TG",
    "user_agent": "Mozilla/5.0 (Linux; Android 12.0; SM-G991B) AppleWebKit/537.36 (KHTML, like Gecko) Chrome/123.0.2909.87 Mobile Safari/537.36",
    "proxy": ""
  },
  {
    "session_name": "11",
    "user_agent": "Mozilla/5.0 (Linux; Android 11.0; Pixel 3 XL) AppleWebKit/537.36 (KHTML, like Gecko) Chrome/118.3.8561.44 Mobile Safari/537.36",
    "proxy": ""
  },
  {
    "session_name": "59",
    "user_agent": "Mozilla/5.0 (Linux; Android 10.0; Pixel 7 Pro) AppleWebKit/537.36 (KHTML, like Gecko) Chrome/126.1.5414.7 Mobile Safari/537.36",
    "proxy": ""
  },
  {
    "session_name": "A22",
    "user_agent": "Mozilla/5.0 (Linux; Android 11.0; Xiaomi Redmi Note 8) AppleWebKit/537.36 (KHTML, like Gecko) Chrome/110.6.7273.66 Mobile Safari/537.36",
    "proxy": ""
  },
  {
    "session_name": "91",
    "user_agent": "Mozilla/5.0 (Linux; Android 11.0; OnePlus Nord 2) AppleWebKit/537.36 (KHTML, like Gecko) Chrome/119.4.4298.80 Mobile Safari/537.36",
    "proxy": ""
  },
  {
    "session_name": "17",
    "user_agent": "Mozilla/5.0 (Linux; Android 13.0; OnePlus Nord) AppleWebKit/537.36 (KHTML, like Gecko) Chrome/121.3.9964.37 Mobile Safari/537.36",
    "proxy": ""
  },
  {
    "session_name": "B49",
    "user_agent": "Mozilla/5.0 (Linux; Android 10.0; SM-G973F) AppleWebKit/537.36 (KHTML, like Gecko) Chrome/117.3.6237.62 Mobile Safari/537.36",
    "proxy": ""
  },
  {
    "session_name": "24",
    "user_agent": "Mozilla/5.0 (Linux; Android 12.0; Xiaomi Mi 10) AppleWebKit/537.36 (KHTML, like Gecko) Chrome/118.6.4611.99 Mobile Safari/537.36",
    "proxy": ""
  },
  {
    "session_name": "8",
    "user_agent": "Mozilla/5.0 (Linux; Android 10.0; Huawei P30) AppleWebKit/537.36 (KHTML, like Gecko) Chrome/113.3.3451.87 Mobile Safari/537.36",
    "proxy": ""
  },
  {
    "session_name": "52",
    "user_agent": "Mozilla/5.0 (Linux; Android 12.0; Pixel 4) AppleWebKit/537.36 (KHTML, like Gecko) Chrome/126.3.9114.68 Mobile Safari/537.36",
    "proxy": ""
  },
  {
    "session_name": "93",
    "user_agent": "Mozilla/5.0 (Linux; Android 13.0; Pixel 3 XL) AppleWebKit/537.36 (KHTML, like Gecko) Chrome/117.7.5466.21 Mobile Safari/537.36",
    "proxy": ""
  },
  {
    "session_name": "B27",
    "user_agent": "Mozilla/5.0 (Linux; Android 11.0; Sony Xperia 1) AppleWebKit/537.36 (KHTML, like Gecko) Chrome/124.8.6130.70 Mobile Safari/537.36",
    "proxy": ""
  },
  {
    "session_name": "B7",
    "user_agent": "Mozilla/5.0 (Linux; Android 13.0; Huawei P40) AppleWebKit/537.36 (KHTML, like Gecko) Chrome/119.8.5456.34 Mobile Safari/537.36",
    "proxy": ""
  },
  {
    "session_name": "6",
    "user_agent": "Mozilla/5.0 (Linux; Android 11.0; Xiaomi Mi 11) AppleWebKit/537.36 (KHTML, like Gecko) Chrome/123.5.5688.82 Mobile Safari/537.36",
    "proxy": ""
  },
  {
    "session_name": "9",
    "user_agent": "Mozilla/5.0 (Linux; Android 11.0; Huawei Mate 30) AppleWebKit/537.36 (KHTML, like Gecko) Chrome/123.3.6445.21 Mobile Safari/537.36",
    "proxy": ""
  },
  {
    "session_name": "31",
    "user_agent": "Mozilla/5.0 (Linux; Android 10.0; OnePlus Nord 2) AppleWebKit/537.36 (KHTML, like Gecko) Chrome/116.4.3188.7 Mobile Safari/537.36",
    "proxy": ""
  },
  {
    "session_name": "B17",
    "user_agent": "Mozilla/5.0 (Linux; Android 13.0; OnePlus 8 Pro) AppleWebKit/537.36 (KHTML, like Gecko) Chrome/112.4.2227.26 Mobile Safari/537.36",
    "proxy": ""
  },
  {
    "session_name": "89",
    "user_agent": "Mozilla/5.0 (Linux; Android 10.0; SM-G781B) AppleWebKit/537.36 (KHTML, like Gecko) Chrome/117.4.6465.98 Mobile Safari/537.36",
    "proxy": ""
  },
  {
    "session_name": "67",
    "user_agent": "Mozilla/5.0 (Linux; Android 12.0; Sony Xperia 5) AppleWebKit/537.36 (KHTML, like Gecko) Chrome/123.0.7045.75 Mobile Safari/537.36",
    "proxy": ""
  },
  {
    "session_name": "B47",
    "user_agent": "Mozilla/5.0 (Linux; Android 12.0; Sony Xperia 1) AppleWebKit/537.36 (KHTML, like Gecko) Chrome/122.4.4998.5 Mobile Safari/537.36",
    "proxy": ""
  },
  {
    "session_name": "A38",
    "user_agent": "Mozilla/5.0 (Linux; Android 12.0; Pixel 4) AppleWebKit/537.36 (KHTML, like Gecko) Chrome/114.3.9998.35 Mobile Safari/537.36",
    "proxy": ""
  },
  {
    "session_name": "B19",
    "user_agent": "Mozilla/5.0 (Linux; Android 10.0; Pixel 2 XL) AppleWebKit/537.36 (KHTML, like Gecko) Chrome/125.8.4072.97 Mobile Safari/537.36",
    "proxy": ""
  },
  {
    "session_name": "71",
    "user_agent": "Mozilla/5.0 (Linux; Android 11.0; Pixel 6a) AppleWebKit/537.36 (KHTML, like Gecko) Chrome/112.1.2315.97 Mobile Safari/537.36",
    "proxy": ""
  },
  {
    "session_name": "30",
    "user_agent": "Mozilla/5.0 (Linux; Android 13.0; OnePlus 8 Pro) AppleWebKit/537.36 (KHTML, like Gecko) Chrome/110.1.3277.58 Mobile Safari/537.36",
    "proxy": ""
  },
  {
    "session_name": "B9",
    "user_agent": "Mozilla/5.0 (Linux; Android 10.0; Huawei P30) AppleWebKit/537.36 (KHTML, like Gecko) Chrome/126.7.5518.96 Mobile Safari/537.36",
    "proxy": ""
  },
  {
    "session_name": "35",
    "user_agent": "Mozilla/5.0 (Linux; Android 11.0; Huawei Mate 30) AppleWebKit/537.36 (KHTML, like Gecko) Chrome/123.6.7575.54 Mobile Safari/537.36",
    "proxy": ""
  },
  {
    "session_name": "B2",
    "user_agent": "Mozilla/5.0 (Linux; Android 11.0; Xiaomi Mi 10) AppleWebKit/537.36 (KHTML, like Gecko) Chrome/125.3.1616.67 Mobile Safari/537.36",
    "proxy": ""
  },
  {
    "session_name": "20",
    "user_agent": "Mozilla/5.0 (Linux; Android 11.0; SM-N981B) AppleWebKit/537.36 (KHTML, like Gecko) Chrome/121.0.7041.29 Mobile Safari/537.36",
    "proxy": ""
  },
  {
    "session_name": "78",
    "user_agent": "Mozilla/5.0 (Linux; Android 11.0; Pixel 3) AppleWebKit/537.36 (KHTML, like Gecko) Chrome/121.8.3316.58 Mobile Safari/537.36",
    "proxy": ""
  },
  {
    "session_name": "A12",
    "user_agent": "Mozilla/5.0 (Linux; Android 13.0; SM-F711B) AppleWebKit/537.36 (KHTML, like Gecko) Chrome/119.6.1462.11 Mobile Safari/537.36",
    "proxy": ""
  },
  {
    "session_name": "B14",
    "user_agent": "Mozilla/5.0 (Linux; Android 10.0; Sony Xperia 5) AppleWebKit/537.36 (KHTML, like Gecko) Chrome/116.2.5731.91 Mobile Safari/537.36",
    "proxy": ""
  },
  {
    "session_name": "32",
    "user_agent": "Mozilla/5.0 (Linux; Android 11.0; Pixel 3) AppleWebKit/537.36 (KHTML, like Gecko) Chrome/120.0.1667.15 Mobile Safari/537.36",
    "proxy": ""
  },
  {
    "session_name": "62",
    "user_agent": "Mozilla/5.0 (Linux; Android 10.0; Sony Xperia 5) AppleWebKit/537.36 (KHTML, like Gecko) Chrome/119.1.1943.20 Mobile Safari/537.36",
    "proxy": ""
  },
  {
    "session_name": "12",
    "user_agent": "Mozilla/5.0 (Linux; Android 10.0; SM-A505F) AppleWebKit/537.36 (KHTML, like Gecko) Chrome/110.8.9772.39 Mobile Safari/537.36",
    "proxy": ""
  },
  {
    "session_name": "B12",
    "user_agent": "Mozilla/5.0 (Linux; Android 13.0; OnePlus 10T) AppleWebKit/537.36 (KHTML, like Gecko) Chrome/113.6.7852.16 Mobile Safari/537.36",
    "proxy": ""
  },
  {
    "session_name": "A8",
    "user_agent": "Mozilla/5.0 (Linux; Android 11.0; Pixel 6 XL) AppleWebKit/537.36 (KHTML, like Gecko) Chrome/125.2.2270.45 Mobile Safari/537.36",
    "proxy": ""
  },
  {
    "session_name": "61",
    "user_agent": "Mozilla/5.0 (Linux; Android 11.0; OnePlus 10) AppleWebKit/537.36 (KHTML, like Gecko) Chrome/123.9.4148.23 Mobile Safari/537.36",
    "proxy": ""
  },
  {
    "session_name": "77",
    "user_agent": "Mozilla/5.0 (Linux; Android 11.0; SM-G960F) AppleWebKit/537.36 (KHTML, like Gecko) Chrome/113.1.8165.24 Mobile Safari/537.36",
    "proxy": ""
  },
  {
    "session_name": "B8",
    "user_agent": "Mozilla/5.0 (Linux; Android 13.0; OnePlus 8 Pro) AppleWebKit/537.36 (KHTML, like Gecko) Chrome/114.0.2701.29 Mobile Safari/537.36",
    "proxy": ""
  },
  {
    "session_name": "27",
    "user_agent": "Mozilla/5.0 (Linux; Android 12.0; Pixel 6 XL) AppleWebKit/537.36 (KHTML, like Gecko) Chrome/126.0.9637.98 Mobile Safari/537.36",
    "proxy": ""
  },
  {
    "session_name": "97",
    "user_agent": "Mozilla/5.0 (Linux; Android 13.0; OnePlus 10) AppleWebKit/537.36 (KHTML, like Gecko) Chrome/115.0.5474.37 Mobile Safari/537.36",
    "proxy": ""
  },
  {
    "session_name": "68",
    "user_agent": "Mozilla/5.0 (Linux; Android 12.0; OnePlus 10T Pro) AppleWebKit/537.36 (KHTML, like Gecko) Chrome/122.8.7848.99 Mobile Safari/537.36",
    "proxy": ""
  },
  {
    "session_name": "14",
    "user_agent": "Mozilla/5.0 (Linux; Android 13.0; Pixel 3 XL) AppleWebKit/537.36 (KHTML, like Gecko) Chrome/124.1.7602.77 Mobile Safari/537.36",
    "proxy": ""
  },
  {
    "session_name": "A11",
    "user_agent": "Mozilla/5.0 (Linux; Android 11.0; Huawei P30) AppleWebKit/537.36 (KHTML, like Gecko) Chrome/125.6.8810.70 Mobile Safari/537.36",
    "proxy": ""
  },
  {
    "session_name": "B53",
    "user_agent": "Mozilla/5.0 (Linux; Android 10.0; Pixel 4) AppleWebKit/537.36 (KHTML, like Gecko) Chrome/113.6.9951.70 Mobile Safari/537.36",
    "proxy": ""
  },
  {
    "session_name": "A18",
    "user_agent": "Mozilla/5.0 (Linux; Android 13.0; Sony Xperia 5) AppleWebKit/537.36 (KHTML, like Gecko) Chrome/121.2.3881.6 Mobile Safari/537.36",
    "proxy": ""
  },
  {
    "session_name": "21",
    "user_agent": "Mozilla/5.0 (Linux; Android 12.0; Nokia 8.3) AppleWebKit/537.36 (KHTML, like Gecko) Chrome/120.0.4984.55 Mobile Safari/537.36",
    "proxy": ""
  },
  {
    "session_name": "A29",
    "user_agent": "Mozilla/5.0 (Linux; Android 12.0; Pixel 6a) AppleWebKit/537.36 (KHTML, like Gecko) Chrome/110.9.5298.71 Mobile Safari/537.36",
    "proxy": ""
  },
  {
    "session_name": "53",
    "user_agent": "Mozilla/5.0 (Linux; Android 11.0; Xiaomi Mi 9) AppleWebKit/537.36 (KHTML, like Gecko) Chrome/126.9.2247.62 Mobile Safari/537.36",
    "proxy": ""
  },
  {
    "session_name": "47",
    "user_agent": "Mozilla/5.0 (Linux; Android 11.0; Xiaomi Redmi Note 9) AppleWebKit/537.36 (KHTML, like Gecko) Chrome/125.9.7922.38 Mobile Safari/537.36",
    "proxy": ""
  },
  {
    "session_name": "B15",
    "user_agent": "Mozilla/5.0 (Linux; Android 12.0; Pixel 7) AppleWebKit/537.36 (KHTML, like Gecko) Chrome/125.3.2514.21 Mobile Safari/537.36",
    "proxy": ""
  },
  {
    "session_name": "A4",
    "user_agent": "Mozilla/5.0 (Linux; Android 10.0; SM-G998B) AppleWebKit/537.36 (KHTML, like Gecko) Chrome/121.7.6805.97 Mobile Safari/537.36",
    "proxy": ""
  },
  {
    "session_name": "56",
    "user_agent": "Mozilla/5.0 (Linux; Android 10.0; Pixel 7 Pro) AppleWebKit/537.36 (KHTML, like Gecko) Chrome/120.7.1592.95 Mobile Safari/537.36",
    "proxy": ""
  },
  {
    "session_name": "A35",
    "user_agent": "Mozilla/5.0 (Linux; Android 10.0; SM-G980F) AppleWebKit/537.36 (KHTML, like Gecko) Chrome/115.7.1437.70 Mobile Safari/537.36",
    "proxy": ""
  },
  {
    "session_name": "10",
    "user_agent": "Mozilla/5.0 (Linux; Android 12.0; SM-G960F) AppleWebKit/537.36 (KHTML, like Gecko) Chrome/115.7.9064.39 Mobile Safari/537.36",
    "proxy": ""
  },
  {
    "session_name": "B33",
    "user_agent": "Mozilla/5.0 (Linux; Android 12.0; OnePlus 9) AppleWebKit/537.36 (KHTML, like Gecko) Chrome/123.6.2530.11 Mobile Safari/537.36",
    "proxy": ""
  },
  {
    "session_name": "15",
    "user_agent": "Mozilla/5.0 (Linux; Android 12.0; Pixel 3 XL) AppleWebKit/537.36 (KHTML, like Gecko) Chrome/112.9.5670.72 Mobile Safari/537.36",
    "proxy": ""
  },
  {
    "session_name": "B1",
    "user_agent": "Mozilla/5.0 (Linux; Android 10.0; SM-G781B) AppleWebKit/537.36 (KHTML, like Gecko) Chrome/122.0.9258.50 Mobile Safari/537.36",
    "proxy": ""
  },
  {
    "session_name": "45",
    "user_agent": "Mozilla/5.0 (Linux; Android 13.0; OnePlus Nord CE) AppleWebKit/537.36 (KHTML, like Gecko) Chrome/126.0.9461.35 Mobile Safari/537.36",
    "proxy": ""
  },
  {
    "session_name": "A2",
    "user_agent": "Mozilla/5.0 (Linux; Android 11.0; OnePlus 9 Pro) AppleWebKit/537.36 (KHTML, like Gecko) Chrome/118.7.6379.74 Mobile Safari/537.36",
    "proxy": ""
  },
  {
    "session_name": "A20",
    "user_agent": "Mozilla/5.0 (Linux; Android 10.0; SM-G980F) AppleWebKit/537.36 (KHTML, like Gecko) Chrome/121.4.3882.83 Mobile Safari/537.36",
    "proxy": ""
  },
  {
    "session_name": "96",
    "user_agent": "Mozilla/5.0 (Linux; Android 12.0; Nokia 9 PureView) AppleWebKit/537.36 (KHTML, like Gecko) Chrome/113.0.6443.81 Mobile Safari/537.36",
    "proxy": ""
  },
  {
    "session_name": "A41",
    "user_agent": "Mozilla/5.0 (Linux; Android 13.0; SM-G781B) AppleWebKit/537.36 (KHTML, like Gecko) Chrome/119.1.4910.20 Mobile Safari/537.36",
    "proxy": ""
  },
  {
    "session_name": "A39",
    "user_agent": "Mozilla/5.0 (Linux; Android 11.0; SM-G980F) AppleWebKit/537.36 (KHTML, like Gecko) Chrome/124.8.5062.4 Mobile Safari/537.36",
    "proxy": ""
  },
  {
    "session_name": "43",
    "user_agent": "Mozilla/5.0 (Linux; Android 12.0; SM-N975F) AppleWebKit/537.36 (KHTML, like Gecko) Chrome/112.0.6876.24 Mobile Safari/537.36",
    "proxy": ""
  },
  {
    "session_name": "A26",
    "user_agent": "Mozilla/5.0 (Linux; Android 10.0; Nokia 8.3) AppleWebKit/537.36 (KHTML, like Gecko) Chrome/118.4.4779.67 Mobile Safari/537.36",
    "proxy": ""
  },
  {
    "session_name": "4",
    "user_agent": "Mozilla/5.0 (Linux; Android 13.0; SM-G980F) AppleWebKit/537.36 (KHTML, like Gecko) Chrome/123.6.6688.93 Mobile Safari/537.36",
    "proxy": ""
  },
  {
    "session_name": "50",
    "user_agent": "Mozilla/5.0 (Linux; Android 12.0; Sony Xperia 5) AppleWebKit/537.36 (KHTML, like Gecko) Chrome/116.5.2244.96 Mobile Safari/537.36",
    "proxy": ""
  },
  {
    "session_name": "B55",
    "user_agent": "Mozilla/5.0 (Linux; Android 13.0; SM-G960F) AppleWebKit/537.36 (KHTML, like Gecko) Chrome/114.4.1878.58 Mobile Safari/537.36",
    "proxy": ""
  },
  {
    "session_name": "84",
    "user_agent": "Mozilla/5.0 (Linux; Android 11.0; Xiaomi Redmi Note 8) AppleWebKit/537.36 (KHTML, like Gecko) Chrome/119.9.5824.96 Mobile Safari/537.36",
    "proxy": ""
  },
  {
    "session_name": "54",
    "user_agent": "Mozilla/5.0 (Linux; Android 13.0; SM-G973F) AppleWebKit/537.36 (KHTML, like Gecko) Chrome/113.5.4541.84 Mobile Safari/537.36",
    "proxy": ""
  },
  {
    "session_name": "64",
    "user_agent": "Mozilla/5.0 (Linux; Android 13.0; LG G8) AppleWebKit/537.36 (KHTML, like Gecko) Chrome/118.4.6348.29 Mobile Safari/537.36",
    "proxy": ""
  },
  {
    "session_name": "A19",
    "user_agent": "Mozilla/5.0 (Linux; Android 13.0; Sony Xperia 1) AppleWebKit/537.36 (KHTML, like Gecko) Chrome/117.1.7238.46 Mobile Safari/537.36",
    "proxy": ""
  },
  {
    "session_name": "58",
    "user_agent": "Mozilla/5.0 (Linux; Android 11.0; Xiaomi Mi 10) AppleWebKit/537.36 (KHTML, like Gecko) Chrome/111.2.3334.87 Mobile Safari/537.36",
    "proxy": ""
  },
  {
    "session_name": "A9",
    "user_agent": "Mozilla/5.0 (Linux; Android 10.0; OnePlus 9 Pro) AppleWebKit/537.36 (KHTML, like Gecko) Chrome/110.5.4739.16 Mobile Safari/537.36",
    "proxy": ""
  },
  {
    "session_name": "A33",
    "user_agent": "Mozilla/5.0 (Linux; Android 13.0; Sony Xperia 1) AppleWebKit/537.36 (KHTML, like Gecko) Chrome/116.0.9158.49 Mobile Safari/537.36",
    "proxy": ""
  },
  {
    "session_name": "92",
    "user_agent": "Mozilla/5.0 (Linux; Android 12.0; OnePlus 9 Pro) AppleWebKit/537.36 (KHTML, like Gecko) Chrome/110.7.5086.27 Mobile Safari/537.36",
    "proxy": ""
  },
  {
    "session_name": "A6",
    "user_agent": "Mozilla/5.0 (Linux; Android 10.0; Pixel 5) AppleWebKit/537.36 (KHTML, like Gecko) Chrome/126.9.1913.46 Mobile Safari/537.36",
    "proxy": ""
  },
  {
    "session_name": "5",
    "user_agent": "Mozilla/5.0 (Linux; Android 12.0; Nokia 8.3) AppleWebKit/537.36 (KHTML, like Gecko) Chrome/126.4.6682.18 Mobile Safari/537.36",
    "proxy": ""
  },
  {
    "session_name": "55",
    "user_agent": "Mozilla/5.0 (Linux; Android 10.0; SM-F711B) AppleWebKit/537.36 (KHTML, like Gecko) Chrome/120.0.1475.8 Mobile Safari/537.36",
    "proxy": ""
  },
  {
    "session_name": "B51",
    "user_agent": "Mozilla/5.0 (Linux; Android 11.0; Huawei Mate 40) AppleWebKit/537.36 (KHTML, like Gecko) Chrome/126.3.6572.43 Mobile Safari/537.36",
    "proxy": ""
  },
  {
    "session_name": "A34",
    "user_agent": "Mozilla/5.0 (Linux; Android 12.0; Huawei Mate 30) AppleWebKit/537.36 (KHTML, like Gecko) Chrome/121.3.8317.29 Mobile Safari/537.36",
    "proxy": ""
  },
  {
    "session_name": "81",
    "user_agent": "Mozilla/5.0 (Linux; Android 12.0; OnePlus 8) AppleWebKit/537.36 (KHTML, like Gecko) Chrome/112.9.2553.16 Mobile Safari/537.36",
    "proxy": ""
  },
  {
    "session_name": "M",
    "user_agent": "Mozilla/5.0 (Linux; Android 12.0; Pixel 4) AppleWebKit/537.36 (KHTML, like Gecko) Chrome/116.5.7626.69 Mobile Safari/537.36",
    "proxy": ""
  },
  {
    "session_name": "19",
    "user_agent": "Mozilla/5.0 (Linux; Android 13.0; Nokia 9 PureView) AppleWebKit/537.36 (KHTML, like Gecko) Chrome/111.5.8755.23 Mobile Safari/537.36",
    "proxy": ""
  },
  {
    "session_name": "2",
    "user_agent": "Mozilla/5.0 (Linux; Android 12.0; Pixel 6a) AppleWebKit/537.36 (KHTML, like Gecko) Chrome/116.8.3928.60 Mobile Safari/537.36",
    "proxy": ""
  },
  {
    "session_name": "A16",
    "user_agent": "Mozilla/5.0 (Linux; Android 11.0; SM-G973F) AppleWebKit/537.36 (KHTML, like Gecko) Chrome/121.4.8547.36 Mobile Safari/537.36",
    "proxy": ""
  },
  {
    "session_name": "B22",
    "user_agent": "Mozilla/5.0 (Linux; Android 12.0; Nokia 8.3) AppleWebKit/537.36 (KHTML, like Gecko) Chrome/115.6.6166.33 Mobile Safari/537.36",
    "proxy": ""
  },
  {
    "session_name": "A7",
    "user_agent": "Mozilla/5.0 (Linux; Android 12.0; SM-A505F) AppleWebKit/537.36 (KHTML, like Gecko) Chrome/118.8.9779.44 Mobile Safari/537.36",
    "proxy": ""
  },
  {
    "session_name": "48",
    "user_agent": "Mozilla/5.0 (Linux; Android 10.0; OnePlus 8) AppleWebKit/537.36 (KHTML, like Gecko) Chrome/116.1.7953.73 Mobile Safari/537.36",
    "proxy": ""
  },
  {
    "session_name": "B39",
    "user_agent": "Mozilla/5.0 (Linux; Android 11.0; Nokia 8.3) AppleWebKit/537.36 (KHTML, like Gecko) Chrome/116.1.7266.90 Mobile Safari/537.36",
    "proxy": ""
  },
  {
    "session_name": "A1",
    "user_agent": "Mozilla/5.0 (Linux; Android 10.0; SM-G973F) AppleWebKit/537.36 (KHTML, like Gecko) Chrome/120.7.8378.48 Mobile Safari/537.36",
    "proxy": ""
  },
  {
    "session_name": "A13",
    "user_agent": "Mozilla/5.0 (Linux; Android 10.0; Pixel 7) AppleWebKit/537.36 (KHTML, like Gecko) Chrome/121.8.7979.51 Mobile Safari/537.36",
    "proxy": ""
  },
  {
    "session_name": "B4",
    "user_agent": "Mozilla/5.0 (Linux; Android 12.0; Huawei P30) AppleWebKit/537.36 (KHTML, like Gecko) Chrome/115.8.1584.6 Mobile Safari/537.36",
    "proxy": ""
  },
  {
    "session_name": "75",
    "user_agent": "Mozilla/5.0 (Linux; Android 10.0; Pixel 5 XL) AppleWebKit/537.36 (KHTML, like Gecko) Chrome/120.0.6447.22 Mobile Safari/537.36",
    "proxy": ""
  },
  {
    "session_name": "94",
    "user_agent": "Mozilla/5.0 (Linux; Android 13.0; SM-G980F) AppleWebKit/537.36 (KHTML, like Gecko) Chrome/122.5.8925.30 Mobile Safari/537.36",
    "proxy": ""
  },
  {
    "session_name": "66",
    "user_agent": "Mozilla/5.0 (Linux; Android 11.0; Sony Xperia 1) AppleWebKit/537.36 (KHTML, like Gecko) Chrome/115.6.7584.16 Mobile Safari/537.36",
    "proxy": ""
  },
  {
    "session_name": "90",
    "user_agent": "Mozilla/5.0 (Linux; Android 10.0; Xiaomi Mi 10) AppleWebKit/537.36 (KHTML, like Gecko) Chrome/126.6.3308.84 Mobile Safari/537.36",
    "proxy": ""
  },
  {
    "session_name": "25",
    "user_agent": "Mozilla/5.0 (Linux; Android 10.0; OnePlus Nord 2) AppleWebKit/537.36 (KHTML, like Gecko) Chrome/114.9.9309.67 Mobile Safari/537.36",
    "proxy": ""
  },
  {
    "session_name": "B30",
    "user_agent": "Mozilla/5.0 (Linux; Android 11.0; Xiaomi Mi 10) AppleWebKit/537.36 (KHTML, like Gecko) Chrome/115.3.8720.1 Mobile Safari/537.36",
    "proxy": ""
  },
  {
    "session_name": "74",
    "user_agent": "Mozilla/5.0 (Linux; Android 12.0; SM-N981B) AppleWebKit/537.36 (KHTML, like Gecko) Chrome/125.1.8137.23 Mobile Safari/537.36",
    "proxy": ""
  },
  {
    "session_name": "38",
    "user_agent": "Mozilla/5.0 (Linux; Android 11.0; SM-A505F) AppleWebKit/537.36 (KHTML, like Gecko) Chrome/110.4.5566.75 Mobile Safari/537.36",
    "proxy": ""
  },
  {
    "session_name": "A25",
    "user_agent": "Mozilla/5.0 (Linux; Android 12.0; OnePlus Nord) AppleWebKit/537.36 (KHTML, like Gecko) Chrome/121.2.8197.75 Mobile Safari/537.36",
    "proxy": ""
  },
  {
    "session_name": "37",
    "user_agent": "Mozilla/5.0 (Linux; Android 12.0; Huawei P40) AppleWebKit/537.36 (KHTML, like Gecko) Chrome/118.6.6404.66 Mobile Safari/537.36",
    "proxy": ""
  },
  {
    "session_name": "95",
    "user_agent": "Mozilla/5.0 (Linux; Android 12.0; OnePlus 10T Pro) AppleWebKit/537.36 (KHTML, like Gecko) Chrome/120.9.6109.10 Mobile Safari/537.36",
    "proxy": ""
  },
  {
    "session_name": "79",
    "user_agent": "Mozilla/5.0 (Linux; Android 10.0; LG V60) AppleWebKit/537.36 (KHTML, like Gecko) Chrome/120.4.2248.56 Mobile Safari/537.36",
    "proxy": ""
  },
  {
    "session_name": "B35",
    "user_agent": "Mozilla/5.0 (Linux; Android 12.0; OnePlus Nord CE) AppleWebKit/537.36 (KHTML, like Gecko) Chrome/123.8.9898.34 Mobile Safari/537.36",
    "proxy": ""
  },
  {
    "session_name": "A3",
    "user_agent": "Mozilla/5.0 (Linux; Android 12.0; SM-G980F) AppleWebKit/537.36 (KHTML, like Gecko) Chrome/120.8.1467.63 Mobile Safari/537.36",
    "proxy": ""
  },
  {
    "session_name": "33",
    "user_agent": "Mozilla/5.0 (Linux; Android 12.0; SM-F711B) AppleWebKit/537.36 (KHTML, like Gecko) Chrome/118.9.3883.92 Mobile Safari/537.36",
    "proxy": ""
  },
  {
    "session_name": "34",
    "user_agent": "Mozilla/5.0 (Linux; Android 10.0; SM-N981B) AppleWebKit/537.36 (KHTML, like Gecko) Chrome/119.3.1779.67 Mobile Safari/537.36",
    "proxy": ""
  },
  {
    "session_name": "B11",
    "user_agent": "Mozilla/5.0 (Linux; Android 12.0; Nokia 8.3) AppleWebKit/537.36 (KHTML, like Gecko) Chrome/121.7.7216.57 Mobile Safari/537.36",
    "proxy": ""
  },
  {
    "session_name": "B10",
    "user_agent": "Mozilla/5.0 (Linux; Android 12.0; LG G8) AppleWebKit/537.36 (KHTML, like Gecko) Chrome/114.8.1182.2 Mobile Safari/537.36",
    "proxy": ""
  },
  {
    "session_name": "51",
    "user_agent": "Mozilla/5.0 (Linux; Android 12.0; SM-N981B) AppleWebKit/537.36 (KHTML, like Gecko) Chrome/125.0.1475.76 Mobile Safari/537.36",
    "proxy": ""
  },
  {
    "session_name": "A14",
    "user_agent": "Mozilla/5.0 (Linux; Android 10.0; SM-N975F) AppleWebKit/537.36 (KHTML, like Gecko) Chrome/110.5.2648.15 Mobile Safari/537.36",
    "proxy": ""
  },
  {
    "session_name": "39",
    "user_agent": "Mozilla/5.0 (Linux; Android 10.0; Pixel 6a) AppleWebKit/537.36 (KHTML, like Gecko) Chrome/114.0.2849.15 Mobile Safari/537.36",
    "proxy": ""
  },
  {
    "session_name": "76",
    "user_agent": "Mozilla/5.0 (Linux; Android 10.0; Sony Xperia 1) AppleWebKit/537.36 (KHTML, like Gecko) Chrome/114.2.7388.47 Mobile Safari/537.36",
    "proxy": ""
  },
  {
    "session_name": "B37",
    "user_agent": "Mozilla/5.0 (Linux; Android 12.0; Pixel 2 XL) AppleWebKit/537.36 (KHTML, like Gecko) Chrome/118.2.2476.46 Mobile Safari/537.36",
    "proxy": ""
  },
  {
    "session_name": "A36",
    "user_agent": "Mozilla/5.0 (Linux; Android 13.0; Pixel 7 Pro) AppleWebKit/537.36 (KHTML, like Gecko) Chrome/110.1.6423.62 Mobile Safari/537.36",
    "proxy": ""
  },
  {
    "session_name": "46",
    "user_agent": "Mozilla/5.0 (Linux; Android 10.0; OnePlus Nord) AppleWebKit/537.36 (KHTML, like Gecko) Chrome/124.6.9230.83 Mobile Safari/537.36",
    "proxy": ""
  },
  {
    "session_name": "B44",
    "user_agent": "Mozilla/5.0 (Linux; Android 12.0; Huawei Mate 30) AppleWebKit/537.36 (KHTML, like Gecko) Chrome/121.4.2736.46 Mobile Safari/537.36",
    "proxy": ""
  },
  {
    "session_name": "A28",
    "user_agent": "Mozilla/5.0 (Linux; Android 12.0; Pixel 5) AppleWebKit/537.36 (KHTML, like Gecko) Chrome/116.6.9321.49 Mobile Safari/537.36",
    "proxy": ""
  },
  {
    "session_name": "99",
    "user_agent": "Mozilla/5.0 (Linux; Android 13.0; OnePlus 10 Pro) AppleWebKit/537.36 (KHTML, like Gecko) Chrome/123.9.1693.17 Mobile Safari/537.36",
    "proxy": ""
  },
  {
    "session_name": "B43",
    "user_agent": "Mozilla/5.0 (Linux; Android 10.0; Nokia 9 PureView) AppleWebKit/537.36 (KHTML, like Gecko) Chrome/126.3.1483.40 Mobile Safari/537.36",
    "proxy": ""
  },
  {
    "session_name": "13",
    "user_agent": "Mozilla/5.0 (Linux; Android 13.0; Pixel 3 XL) AppleWebKit/537.36 (KHTML, like Gecko) Chrome/123.8.8407.3 Mobile Safari/537.36",
    "proxy": ""
  },
  {
    "session_name": "B29",
    "user_agent": "Mozilla/5.0 (Linux; Android 11.0; Pixel 2 XL) AppleWebKit/537.36 (KHTML, like Gecko) Chrome/111.9.2330.3 Mobile Safari/537.36",
    "proxy": ""
  },
  {
    "session_name": "B48",
    "user_agent": "Mozilla/5.0 (Linux; Android 10.0; OnePlus 10) AppleWebKit/537.36 (KHTML, like Gecko) Chrome/116.7.4078.46 Mobile Safari/537.36",
    "proxy": ""
  },
  {
    "session_name": "B13",
    "user_agent": "Mozilla/5.0 (Linux; Android 10.0; SM-G998B) AppleWebKit/537.36 (KHTML, like Gecko) Chrome/124.4.2791.32 Mobile Safari/537.36",
    "proxy": ""
  },
  {
    "session_name": "23",
    "user_agent": "Mozilla/5.0 (Linux; Android 12.0; Huawei Mate 40) AppleWebKit/537.36 (KHTML, like Gecko) Chrome/121.2.5195.62 Mobile Safari/537.36",
    "proxy": ""
  },
  {
    "session_name": "49",
    "user_agent": "Mozilla/5.0 (Linux; Android 12.0; OnePlus 9 Pro) AppleWebKit/537.36 (KHTML, like Gecko) Chrome/119.0.1916.78 Mobile Safari/537.36",
    "proxy": ""
  },
  {
    "session_name": "87",
    "user_agent": "Mozilla/5.0 (Linux; Android 13.0; Huawei Mate 30) AppleWebKit/537.36 (KHTML, like Gecko) Chrome/113.7.5410.30 Mobile Safari/537.36",
    "proxy": ""
  },
  {
    "session_name": "28",
    "user_agent": "Mozilla/5.0 (Linux; Android 11.0; Pixel 5 XL) AppleWebKit/537.36 (KHTML, like Gecko) Chrome/114.8.4591.2 Mobile Safari/537.36",
    "proxy": ""
  },
  {
    "session_name": "18",
    "user_agent": "Mozilla/5.0 (Linux; Android 10.0; OnePlus 10 Pro) AppleWebKit/537.36 (KHTML, like Gecko) Chrome/126.8.3599.44 Mobile Safari/537.36",
    "proxy": ""
  },
  {
    "session_name": "B23",
    "user_agent": "Mozilla/5.0 (Linux; Android 13.0; OnePlus Nord) AppleWebKit/537.36 (KHTML, like Gecko) Chrome/121.8.1967.21 Mobile Safari/537.36",
    "proxy": ""
  },
  {
    "session_name": "42",
    "user_agent": "Mozilla/5.0 (Linux; Android 10.0; SM-G991B) AppleWebKit/537.36 (KHTML, like Gecko) Chrome/126.2.5915.18 Mobile Safari/537.36",
    "proxy": ""
  },
  {
    "session_name": "72",
    "user_agent": "Mozilla/5.0 (Linux; Android 12.0; OnePlus 10T) AppleWebKit/537.36 (KHTML, like Gecko) Chrome/111.0.6952.92 Mobile Safari/537.36",
    "proxy": ""
  },
  {
    "session_name": "B28",
    "user_agent": "Mozilla/5.0 (Linux; Android 10.0; OnePlus Nord) AppleWebKit/537.36 (KHTML, like Gecko) Chrome/117.7.4933.56 Mobile Safari/537.36",
    "proxy": ""
  },
  {
    "session_name": "A27",
    "user_agent": "Mozilla/5.0 (Linux; Android 11.0; LG V60) AppleWebKit/537.36 (KHTML, like Gecko) Chrome/117.4.9910.82 Mobile Safari/537.36",
    "proxy": ""
  },
  {
    "session_name": "A31",
    "user_agent": "Mozilla/5.0 (Linux; Android 13.0; SM-F916B) AppleWebKit/537.36 (KHTML, like Gecko) Chrome/114.1.8370.39 Mobile Safari/537.36",
    "proxy": ""
  },
  {
    "session_name": "A37",
    "user_agent": "Mozilla/5.0 (Linux; Android 13.0; SM-F711B) AppleWebKit/537.36 (KHTML, like Gecko) Chrome/126.9.5899.31 Mobile Safari/537.36",
    "proxy": ""
  },
  {
    "session_name": "100",
    "user_agent": "Mozilla/5.0 (Linux; Android 12.0; LG V60) AppleWebKit/537.36 (KHTML, like Gecko) Chrome/114.8.4747.76 Mobile Safari/537.36",
    "proxy": ""
  },
  {
    "session_name": "70",
    "user_agent": "Mozilla/5.0 (Linux; Android 12.0; Nokia 9 PureView) AppleWebKit/537.36 (KHTML, like Gecko) Chrome/111.0.7280.92 Mobile Safari/537.36",
    "proxy": ""
  },
  {
    "session_name": "B36",
    "user_agent": "Mozilla/5.0 (Linux; Android 12.0; SM-G998B) AppleWebKit/537.36 (KHTML, like Gecko) Chrome/119.6.8955.84 Mobile Safari/537.36",
    "proxy": ""
  },
  {
    "session_name": "B6",
    "user_agent": "Mozilla/5.0 (Linux; Android 12.0; Huawei Mate 40) AppleWebKit/537.36 (KHTML, like Gecko) Chrome/116.3.2486.28 Mobile Safari/537.36",
    "proxy": ""
  },
  {
    "session_name": "44",
    "user_agent": "Mozilla/5.0 (Linux; Android 13.0; OnePlus 10 Pro) AppleWebKit/537.36 (KHTML, like Gecko) Chrome/114.5.2256.78 Mobile Safari/537.36",
    "proxy": ""
  },
  {
    "session_name": "B5",
    "user_agent": "Mozilla/5.0 (Linux; Android 12.0; SM-G960F) AppleWebKit/537.36 (KHTML, like Gecko) Chrome/119.1.4067.58 Mobile Safari/537.36",
    "proxy": ""
  },
  {
    "session_name": "A17",
    "user_agent": "Mozilla/5.0 (Linux; Android 11.0; OnePlus 9 Pro) AppleWebKit/537.36 (KHTML, like Gecko) Chrome/111.5.6084.60 Mobile Safari/537.36",
    "proxy": ""
  },
  {
    "session_name": "B34",
    "user_agent": "Mozilla/5.0 (Linux; Android 11.0; Pixel 6) AppleWebKit/537.36 (KHTML, like Gecko) Chrome/120.4.8507.90 Mobile Safari/537.36",
    "proxy": ""
  },
  {
    "session_name": "B18",
    "user_agent": "Mozilla/5.0 (Linux; Android 11.0; SM-N975F) AppleWebKit/537.36 (KHTML, like Gecko) Chrome/119.1.9608.64 Mobile Safari/537.36",
    "proxy": ""
  },
  {
    "session_name": "85",
    "user_agent": "Mozilla/5.0 (Linux; Android 12.0; OnePlus 10T Pro) AppleWebKit/537.36 (KHTML, like Gecko) Chrome/115.6.5654.5 Mobile Safari/537.36",
    "proxy": ""
  },
  {
    "session_name": "36",
    "user_agent": "Mozilla/5.0 (Linux; Android 13.0; SM-G996B) AppleWebKit/537.36 (KHTML, like Gecko) Chrome/124.6.3985.77 Mobile Safari/537.36",
    "proxy": ""
  },
  {
    "session_name": "69",
    "user_agent": "Mozilla/5.0 (Linux; Android 10.0; Pixel 3 XL) AppleWebKit/537.36 (KHTML, like Gecko) Chrome/121.7.1087.29 Mobile Safari/537.36",
    "proxy": ""
  },
  {
    "session_name": "83",
    "user_agent": "Mozilla/5.0 (Linux; Android 12.0; Xiaomi Mi 9) AppleWebKit/537.36 (KHTML, like Gecko) Chrome/115.8.5894.1 Mobile Safari/537.36",
    "proxy": ""
  },
  {
    "session_name": "7",
    "user_agent": "Mozilla/5.0 (Linux; Android 13.0; SM-G998B) AppleWebKit/537.36 (KHTML, like Gecko) Chrome/120.7.1160.31 Mobile Safari/537.36",
    "proxy": ""
  },
  {
    "session_name": "22",
    "user_agent": "Mozilla/5.0 (Linux; Android 10.0; OnePlus 8 Pro) AppleWebKit/537.36 (KHTML, like Gecko) Chrome/123.2.8798.62 Mobile Safari/537.36",
    "proxy": ""
  },
  {
    "session_name": "A15",
    "user_agent": "Mozilla/5.0 (Linux; Android 13.0; Pixel 3) AppleWebKit/537.36 (KHTML, like Gecko) Chrome/118.3.4889.94 Mobile Safari/537.36",
    "proxy": ""
  },
  {
    "session_name": "63",
    "user_agent": "Mozilla/5.0 (Linux; Android 12.0; Pixel 4) AppleWebKit/537.36 (KHTML, like Gecko) Chrome/124.4.6643.60 Mobile Safari/537.36",
    "proxy": ""
  },
  {
    "session_name": "26",
    "user_agent": "Mozilla/5.0 (Linux; Android 12.0; LG V50) AppleWebKit/537.36 (KHTML, like Gecko) Chrome/126.9.7125.89 Mobile Safari/537.36",
    "proxy": ""
  },
  {
    "session_name": "65",
    "user_agent": "Mozilla/5.0 (Linux; Android 12.0; OnePlus Nord 2) AppleWebKit/537.36 (KHTML, like Gecko) Chrome/121.0.4377.22 Mobile Safari/537.36",
    "proxy": ""
  },
  {
    "session_name": "16",
    "user_agent": "Mozilla/5.0 (Linux; Android 12.0; Pixel 3 XL) AppleWebKit/537.36 (KHTML, like Gecko) Chrome/116.8.7694.56 Mobile Safari/537.36",
    "proxy": ""
  },
  {
    "session_name": "B52",
    "user_agent": "Mozilla/5.0 (Linux; Android 10.0; Pixel 6 XL) AppleWebKit/537.36 (KHTML, like Gecko) Chrome/116.3.8399.32 Mobile Safari/537.36",
    "proxy": ""
  },
  {
    "session_name": "md",
    "user_agent": "Mozilla/5.0 (Linux; Android 10.0; Pixel 6 XL) AppleWebKit/537.36 (KHTML, like Gecko) Chrome/116.3.8399.32 Mobile Safari/537.36",
    "proxy": ""
  },
  {
    "session_name": "gg",
    "user_agent": "Mozilla/5.0 (Linux; Android 10.0; Pixel 6 XL) AppleWebKit/537.36 (KHTML, like Gecko) Chrome/116.3.8399.32 Mobile Safari/537.36",
    "proxy": ""
  }
]